framework_id,n_blocks,n_nodes,n_linkers,n_atoms_supercell,graph_diameter,n_influential,delta_alpha,delta_alpha_sd,alpha_min,alpha_max,asymmetry_A,asymmetry_sd,lcd_angstrom,pld_angstrom,mofid,source_url,provenance
hMOF-138,192,48,144,3024,56,303,1.0162,0.0252,1.7339,2.75,-1.3311,0.0305,11.25,9.75,[O-]C(=O)C1=CC=C([C]=C1)C1=CC=C(C=[C]1)C(=O)[O-].[O-]C(=O)c1cc(Cl)c(c(c1Cl)Cl)C(=O)[O-].[O-]C(=O)c1ccc(cc1)C(=O)[O-].[Zn][O]([Zn])([Zn])[Zn] MOFid-v1.pcu.cat0,/mofs/15474.json,"hMOF (hypothetical, not synthesised)"
hMOF-135,192,48,144,3024,56,303,1.0163,0.0229,1.7323,2.7486,-1.3351,0.0393,10.75,9.75,[O-]C(=O)C1=C[C]=C(C=C1)C1=[C]C(=C(C=[C]1)C(=O)[O-])Cl.[O-]C(=O)c1ccc(c(c1)Cl)C(=O)[O-].[O-]C(=O)c1ccc(c(c1Cl)Cl)C(=O)[O-].[Zn][O]([Zn])([Zn])[Zn] MOFid-v1.pcu.cat0,/mofs/15473.json,"hMOF (hypothetical, not synthesised)"
hMOF-117,192,48,144,3024,56,303,1.0176,0.0262,1.7339,2.7515,-1.3326,0.0314,11.75,11.25,[O-]C(=O)c1ccc(cc1)C(=O)[O-].[O-]C(=O)c1ccc(cc1)c1ccc(cc1)C(=O)[O-].[Zn][O]([Zn])([Zn])[Zn] MOFid-v1.pcu.cat0,/mofs/15453.json,"hMOF (hypothetical, not synthesised)"
hMOF-0,256,64,192,3392,56,340,1.0197,0.0134,1.7663,2.786,-1.3587,0.0095,11.75,10.75,[O-]C(=O)c1ccc(cc1)C(=O)[O-].[Zn][O]([Zn])([Zn])[Zn] MOFid-v1.pcu.cat0,/mofs/15339.json,"hMOF (hypothetical, not synthesised)"
hMOF-18,256,64,192,3392,56,340,1.0201,0.0249,1.766,2.7861,-1.3511,0.0222,10.25,9.25,[O-]C(=O)c1cc(Cl)c(c(c1Cl)Cl)C(=O)[O-].[O-]C(=O)c1cc(Cl)c(cc1Cl)C(=O)[O-].[O-]C(=O)c1ccc(c(c1Cl)Cl)C(=O)[O-].[Zn][O]([Zn])([Zn])[Zn] MOFid-v1.pcu.cat0,/mofs/15356.json,"hMOF (hypothetical, not synthesised)"
hMOF-25,256,64,192,3392,56,340,1.0224,0.0153,1.7661,2.7885,-1.3604,0.0111,10.25,9.25,[O-]C(=O)c1cc(Cl)c(cc1Cl)C(=O)[O-].[O-]C(=O)c1ccc(c(c1)Cl)C(=O)[O-].[Zn][O]([Zn])([Zn])[Zn] MOFid-v1.pcu.cat0,/mofs/15363.json,"hMOF (hypothetical, not synthesised)"
hMOF-40,256,64,192,3392,56,340,1.0229,0.0151,1.766,2.7889,-1.3623,0.0257,9.25,8.25,[O-]C(=O)c1cc(Br)c(cc1Br)C(=O)[O-].[O-]C(=O)c1ccc(c(c1)Br)C(=O)[O-].[Zn][O]([Zn])([Zn])[Zn] MOFid-v1.pcu.cat0,/mofs/15378.json,"hMOF (hypothetical, not synthesised)"
hMOF-132,192,48,144,3024,56,303,1.0279,0.0118,1.7325,2.7604,-1.3534,0.0219,10.75,9.25,ClC1=C([C]=CC(=C1)C(=O)[O-])C1=[C]C(=C(C=C1)C(=O)[O-])Cl.[O-]C(=O)c1cc(Cl)c(c(c1)Cl)C(=O)[O-].[O-]C(=O)c1ccc(cc1)C(=O)[O-].[Zn][O]([Zn])([Zn])[Zn] MOFid-v1.pcu.cat0,/mofs/15471.json,"hMOF (hypothetical, not synthesised)"
hMOF-20,256,64,192,3392,56,340,1.0293,0.0171,1.7662,2.7955,-1.3714,0.0246,10.75,9.25,[O-]C(=O)c1cc(Cl)c(cc1Cl)C(=O)[O-].[O-]C(=O)c1ccc(c(c1Cl)Cl)C(=O)[O-].[O-]C(=O)c1ccc(cc1)C(=O)[O-].[Zn][O]([Zn])([Zn])[Zn] MOFid-v1.pcu.cat0,/mofs/15358.json,"hMOF (hypothetical, not synthesised)"
hMOF-144,192,48,144,3024,56,303,1.0303,0.0226,1.7325,2.7628,-1.3391,0.0171,11.25,10.25,Clc1c(cc(c(c1Cl)C(=O)[O-])Cl)c1ccc(cc1)C(=O)[O-].[O-]C(=O)c1cc(Cl)c(c(c1)Cl)C(=O)[O-].[O-]C(=O)c1cc(Cl)c(cc1Cl)C(=O)[O-].[Zn][O]([Zn])([Zn])[Zn] MOFid-v1.pcu.cat0,/mofs/15481.json,"hMOF (hypothetical, not synthesised)"
hMOF-141,192,48,144,3024,56,303,1.0356,0.0155,1.7324,2.7681,-1.3573,0.0162,10.75,9.75,ClC1=CC(=C([C]=C1C1=CC=C(C=[C]1)C(=O)[O-])Cl)C(=O)[O-].[O-]C(=O)c1cc(Cl)c(cc1Cl)C(=O)[O-].[O-]C(=O)c1ccc(c(c1)Cl)C(=O)[O-].[Zn][O]([Zn])([Zn])[Zn] MOFid-v1.pcu.cat0,/mofs/15478.json,"hMOF (hypothetical, not synthesised)"
hMOF-28,256,64,192,3392,56,340,1.0409,0.017,1.7658,2.8067,-1.3747,0.0154,9.75,8.25,[O-]C(=O)c1cc(Cl)c(c(c1)Cl)C(=O)[O-].[O-]C(=O)c1cc(Cl)c(c(c1Cl)Cl)C(=O)[O-].[O-]C(=O)c1ccc(c(c1Cl)Cl)C(=O)[O-].[Zn][O]([Zn])([Zn])[Zn] MOFid-v1.pcu.cat0,/mofs/15366.json,"hMOF (hypothetical, not synthesised)"
hMOF-22,256,64,192,3392,56,340,1.0478,0.0184,1.7664,2.8142,-1.3872,0.0238,10.25,9.25,[O-]C(=O)c1cc(Cl)c(c(c1)Cl)C(=O)[O-].[O-]C(=O)c1cc(Cl)c(c(c1Cl)Cl)C(=O)[O-].[Zn][O]([Zn])([Zn])[Zn] MOFid-v1.pcu.cat0,/mofs/15360.json,"hMOF (hypothetical, not synthesised)"
hMOF-90,256,64,192,3520,58,352,1.0822,0.0087,1.7444,2.8266,-1.3944,0.0134,10.75,9.75,,/mofs/15427.json,"hMOF (hypothetical, not synthesised)"
hMOF-94,256,64,192,3648,58,365,1.0893,0.027,1.7556,2.8449,-1.3916,0.028,9.75,7.25,,/mofs/15431.json,"hMOF (hypothetical, not synthesised)"
hMOF-96,256,64,192,3648,58,365,1.1031,0.0251,1.7564,2.8595,-1.4158,0.0289,9.25,7.25,,/mofs/15434.json,"hMOF (hypothetical, not synthesised)"
hMOF-87,256,64,192,3712,58,372,1.1058,0.0205,1.7614,2.8672,-1.3991,0.0232,10.75,9.25,,/mofs/15425.json,"hMOF (hypothetical, not synthesised)"
hMOF-78,256,64,192,3648,58,365,1.1067,0.0186,1.752,2.8587,-1.4317,0.022,10.75,9.75,,/mofs/15416.json,"hMOF (hypothetical, not synthesised)"
hMOF-69,256,64,192,3776,58,378,1.1105,0.0279,1.766,2.8765,-1.4009,0.031,10.75,9.25,[O-]C(=O)c1ccc(c(c1)N)C(=O)[O-].[Zn][O]([Zn])([Zn])[Zn] MOFid-v1.pcu.cat0,/mofs/15407.json,"hMOF (hypothetical, not synthesised)"
hMOF-80,256,64,192,3712,58,372,1.1122,0.0217,1.7614,2.8736,-1.4081,0.024,9.75,8.75,,/mofs/15418.json,"hMOF (hypothetical, not synthesised)"
hMOF-82,256,64,192,3712,58,372,1.1134,0.0254,1.7615,2.8749,-1.4109,0.0266,10.25,8.75,,/mofs/15420.json,"hMOF (hypothetical, not synthesised)"
hMOF-92,256,64,192,3712,58,372,1.1205,0.0186,1.7614,2.8819,-1.4133,0.0306,9.75,8.75,,/mofs/15430.json,"hMOF (hypothetical, not synthesised)"
hMOF-98,256,64,192,3840,58,384,1.1207,0.0151,1.7688,2.8895,-1.3895,0.0164,9.25,8.25,,/mofs/15437.json,"hMOF (hypothetical, not synthesised)"
hMOF-64,256,64,192,3776,58,378,1.1208,0.0171,1.7646,2.8854,-1.4037,0.0294,11.25,9.75,[O-]C(=O)c1cc(N)c(c(c1)N)C(=O)[O-].[O-]C(=O)c1ccc(c(c1)N)C(=O)[O-].[O-]C(=O)c1ccc(cc1)C(=O)[O-].[Zn][O]([Zn])([Zn])[Zn] MOFid-v1.pcu.cat0,/mofs/15401.json,"hMOF (hypothetical, not synthesised)"
hMOF-85,256,64,192,3776,58,378,1.1224,0.0269,1.7556,2.8781,-1.424,0.0221,10.25,8.75,,/mofs/15424.json,"hMOF (hypothetical, not synthesised)"
hMOF-106,256,64,192,4736,62,474,1.1477,0.0218,1.7362,2.8839,-1.3212,0.0186,8.75,6.75,CCOc1cc(cc(c1[C][O])O[C]C)C(=O)[O-].O.CCOc1cc(ccc1C(=O)[O-])C(=O)[O-].[O-]C(=O)c1ccc(cc1)C(=O)[O-].[Zn][O]([Zn])([Zn])[Zn] MOFid-v1.pcu.cat0,/mofs/15443.json,"hMOF (hypothetical, not synthesised)"
hMOF-57,256,64,192,4544,60,455,1.1479,0.0168,1.7822,2.93,-1.296,0.0243,9.75,8.25,CCc1c(ccc(c1CC)C(=O)[O-])C(=O)[O-].CCc1cc(ccc1C(=O)[O-])C(=O)[O-].[O-]C(=O)c1ccc(cc1)C(=O)[O-].[Zn][O]([Zn])([Zn])[Zn] MOFid-v1.pcu.cat0,/mofs/15394.json,"hMOF (hypothetical, not synthesised)"
hMOF-66,256,64,192,4160,58,416,1.1548,0.0238,1.7909,2.9457,-1.3848,0.0241,9.75,8.75,[O-]C(=O)c1cc(N)c(c(c1)N)C(=O)[O-].[O-]C(=O)c1cc(N)c(c(c1N)N)C(=O)[O-].[O-]C(=O)c1ccc(c(c1)N)C(=O)[O-].[Zn][O]([Zn])([Zn])[Zn] MOFid-v1.pcu.cat0,/mofs/15404.json,"hMOF (hypothetical, not synthesised)"
hMOF-75,256,64,192,4032,64,404,1.1579,0.0132,1.71,2.8678,-1.4353,0.0168,9.25,8.25,,/mofs/15411.json,"hMOF (hypothetical, not synthesised)"
hMOF-101,256,64,192,4672,60,468,1.1612,0.016,1.7686,2.9298,-1.3618,0.0144,9.25,7.75,COc1c([O])c(ccc1C(=O)[O-])C(=O)[O-].[CH3].COc1cc(ccc1C(=O)[O-])C(=O)[O-].[Zn][O]([Zn])([Zn])[Zn] MOFid-v1.pcu.cat0,/mofs/15439.json,"hMOF (hypothetical, not synthesised)"
hMOF-67,256,64,192,4416,58,442,1.1614,0.0225,1.8069,2.9683,-1.3676,0.0136,10.25,8.75,[O-]C(=O)c1cc(N)c(c(c1N)N)C(=O)[O-].[O-]C(=O)c1cc(N)c(cc1N)C(=O)[O-].[Zn][O]([Zn])([Zn])[Zn] MOFid-v1.pcu.cat0,/mofs/15405.json,"hMOF (hypothetical, not synthesised)"
hMOF-103,192,64,128,4928,59,493,1.1679,0.0261,1.8087,2.9766,-1.3951,0.0367,8.25,7.25,COc1cc(C(=O)[O-])c(c(c1C(=O)[O-])OC)OC.COc1cc(C(=O)[O-])c(cc1C(=O)[O-])OC.COc1cc(ccc1C(=O)[O-])C(=O)[O-].[Zn][O]([Zn])([Zn])[Zn] MOFid-v1.pcu.cat0,/mofs/15441.json,"hMOF (hypothetical, not synthesised)"
hMOF-146,384,96,288,6048,41,605,1.1698,0.0193,2.1096,3.2794,-1.2698,0.0226,4.25,2.25,[O-]C(=O)c1ccc(cc1)C1=C(Cl)C(=C([C]=C1)C(=O)[O-])Cl.[Zn][O]([Zn])([Zn])[Zn] MOFid-v1.pcu.cat2,/mofs/15484.json,"hMOF (hypothetical, not synthesised)"
hMOF-71,256,64,192,4672,58,468,1.18,0.0125,1.8193,2.9993,-1.3517,0.0157,10.25,8.75,,/mofs/15409.json,"hMOF (hypothetical, not synthesised)"
hMOF-116,256,64,192,5952,64,596,1.1908,0.0067,1.7641,2.9549,-1.2251,0.0168,8.25,7.25,CCCOc1cc(cc(c1C(=O)[O-])OCCC)C(=O)[O-].[O-]C(=O)c1ccc(cc1)C(=O)[O-].[Zn][O]([Zn])([Zn])[Zn] MOFid-v1.pcu.cat0,/mofs/15455.json,"hMOF (hypothetical, not synthesised)"
hMOF-112,256,64,192,5952,64,596,1.1924,0.0069,1.7833,2.9757,-1.2112,0.0185,8.25,5.75,CCCOc1cc(cc(c1C(=O)[O-])OCCC)C(=O)[O-].[O-]C(=O)c1ccc(cc1OCCC)C(=O)[O-].[Zn][O]([Zn])([Zn])[Zn] MOFid-v1.pcu.cat0,/mofs/15449.json,"hMOF (hypothetical, not synthesised)"
hMOF-58,256,64,192,5696,62,570,1.1932,0.0158,1.7818,2.975,-1.2394,0.0259,8.75,6.75,CCCc1c([C][O])ccc(c1CCC)C(=O)[O-].[O].CCCc1c(ccc(c1CCC)C(=O)[O-])C(=O)[O-].[O-]C(=O)c1ccc(cc1)C(=O)[O-].[Zn][O]([Zn])([Zn])[Zn] MOFid-v1.pcu.cat0,/mofs/15398.json,"hMOF (hypothetical, not synthesised)"
hMOF-111,288,72,216,5832,42,584,1.1936,0.014,2.0747,3.2682,-1.0517,0.0128,4.25,3.25,CCOc1c(ccc(c1OCC)C(=O)[O-])C(=O)[O-].CCOc1cc(cc(c1C(=O)[O-])OCC)C(=O)[O-].[O-]C(=O)c1ccc(cc1)C(=O)[O-].[Zn][O]([Zn])([Zn])[Zn] MOFid-v1.pcu.cat1,/mofs/15450.json,"hMOF (hypothetical, not synthesised)"
hMOF-61,256,64,192,6272,62,628,1.1973,0.0131,1.8419,3.0392,-1.2078,0.0132,9.25,8.25,CCCc1c(ccc(c1CCC)C(=O)[O-])C(=O)[O-].CCCc1cc(ccc1C(=O)[O-])C(=O)[O-].[Zn][O]([Zn])([Zn])[Zn] MOFid-v1.pcu.cat0,/mofs/15399.json,"hMOF (hypothetical, not synthesised)"
hMOF-110,256,64,192,5184,62,519,1.1993,0.0072,1.8124,3.0118,-1.1061,0.0149,8.75,7.25,CCOc1c(ccc(c1OCC)C(=O)[O-])C(=O)[O-].CCOc1cc(cc(c1C(=O)[O-])OCC)C(=O)[O-].[O-]C(=O)c1ccc(cc1)C(=O)[O-].[Zn][O]([Zn])([Zn])[Zn] MOFid-v1.pcu.cat0,/mofs/15448.json,"hMOF (hypothetical, not synthesised)"
hMOF-55,192,64,128,6080,59,608,1.2006,0.0211,1.8713,3.0719,-1.183,0.0202,9.25,7.75,CCc1cc(C(=O)[O-])c(c(c1C(=O)[O-])CC)CC.CCc1cc(C(=O)[O-])c(cc1C(=O)[O-])CC.CCc1cc(cc(c1C(=O)[O-])CC)C(=O)[O-].[Zn][O]([Zn])([Zn])[Zn] MOFid-v1.pcu.cat0,/mofs/15393.json,"hMOF (hypothetical, not synthesised)"
hMOF-113,256,64,192,6592,64,660,1.2023,0.0097,1.8267,3.0289,-1.198,0.0123,7.25,6.25,CCCOC1=CC(=C(C(=[C]1)[O])OCCC)C(=O)[O-].[O-][C]=O.[CH2]CC.CCCOc1cc(C(=O)[O-])c(cc1C(=O)[O-])OCCC.[O-]C(=O)c1ccc(cc1)C(=O)[O-].[Zn][O]([Zn])([Zn])[Zn] MOFid-v1.pcu,/mofs/15451.json,"hMOF (hypothetical, not synthesised)"
hMOF-2,432,108,324,5724,38,573,1.2028,0.017,2.139,3.3418,-1.2476,0.0293,4.25,2.25,[O-]C(=O)c1ccc(cc1)C(=O)[O-].[Zn][O]([Zn])([Zn])[Zn] MOFid-v1.pcu.cat2,/mofs/15345.json,"hMOF (hypothetical, not synthesised)"
hMOF-62,192,48,144,6000,54,600,1.2052,0.0167,1.9007,3.1059,-1.0857,0.0201,8.25,6.25,CCCc1c(CCC)c(C(=O)[O-])c(c(c1C(=O)[O-])CCC)CCC.CCCc1c(ccc(c1CCC)C(=O)[O-])C(=O)[O-].CCCc1cc(C(=O)[O-])c(cc1C(=O)[O-])CCC.[Zn][O]([Zn])([Zn])[Zn] MOFid-v1.pcu.cat0,/mofs/15400.json,"hMOF (hypothetical, not synthesised)"
hMOF-143,384,96,288,6048,40,605,1.2084,0.0144,2.0959,3.3043,-1.259,0.0137,4.25,2.75,ClOC(=O)C1=CC=C([C]=C1)C1=[C]C(=C(C=C1Cl)C(=O)[O-])Cl.[O-]C(=O)C1=CC(=C(C=[C]1)C(=O)[O-])Cl.[O-]C(=O)C1=[C]C=C(C(=C1)Cl)C(=O)[O-].[O-]C(=O)c1ccc(c(c1)Cl)C(=O)[O-].[Zn][O]([Zn])([Zn])[Zn] MOFid-v1.pcu.cat2,/mofs/15482.json,"hMOF (hypothetical, not synthesised)"
hMOF-115,256,64,192,6592,64,660,1.2089,0.0075,1.7965,3.0054,-1.2086,0.0151,7.75,6.25,CCCOc1c(ccc(c1OCCC)C(=O)[O-])C(=O)[O-].CCCOc1cc(C(=O)[O-])c(c(c1C(=O)[O-])OCCC)[O].[O-]C(=O)c1ccc(cc1)C(=O)[O-].[Zn][O]([Zn])([Zn])[Zn] MOFid-v1.pcu.cat0,/mofs/15454.json,"hMOF (hypothetical, not synthesised)"
hMOF-27,432,108,324,5724,35,573,1.2165,0.0224,2.1641,3.3807,-1.2632,0.0218,3.25,2.75,[O-]C(=O)C1=CC(=C(C=[C]1)C(=O)[O-])Cl.[Zn][O]([Zn])([Zn])[Zn] MOFid-v1.pcu.cat2,/mofs/15365.json,"hMOF (hypothetical, not synthesised)"
hMOF-134,384,96,288,6048,40,605,1.2183,0.0161,2.1198,3.3381,-1.2394,0.0159,3.75,3.25,ClC1=C([C]=CC(=C1)C(=O)[O-])C1=[C]C(=C(C=C1)C(=O)[O-])Cl.[O-]C(=O)c1cc(Cl)c(c(c1)Cl)C(=O)[O-].[O-]C(=O)c1ccc(cc1)C(=O)[O-].[Zn][O]([Zn])([Zn])[Zn] MOFid-v1.pcu.cat2,/mofs/15472.json,"hMOF (hypothetical, not synthesised)"
hMOF-56,256,64,192,5312,60,532,1.2204,0.019,1.7999,3.0203,-1.3456,0.0307,9.25,8.25,CCc1cc(cc(c1C(=O)[O-])CC)C(=O)[O-].CCc1cc(ccc1C(=O)[O-])C(=O)[O-].[O][C]c1ccc(c(c1CC)CC)C(=O)[O-].[O].[Zn][O]([Zn])([Zn])[Zn] MOFid-v1.pcu.cat0,/mofs/15395.json,"hMOF (hypothetical, not synthesised)"
hMOF-93,288,96,192,5568,52,557,1.2261,0.0126,1.9993,3.2253,-1.4825,0.0123,4.75,3.25,,/mofs/15432.json,"hMOF (hypothetical, not synthesised)"
hMOF-137,296,96,200,6048,40,605,1.228,0.0138,2.0878,3.3158,-1.2811,0.0133,4.25,3.75,ClOC(=O)C1=C[C]=C(C=C1)C1=[C]C(=C(C=[C]1)C(=O)[O-])Cl.[O-]C(=O)C1=CC=C(C(=[C]1)Cl)C(=O)[O-].[O-]C(=O)C1=[C]C(=C(C=C1)C(=O)[O-])Cl.[O-]C(=O)c1ccc(c(c1)Cl)C(=O)[O-].[Zn][O]([Zn])([Zn])[Zn] MOFid-v1.pcu.cat2,/mofs/15476.json,"hMOF (hypothetical, not synthesised)"
hMOF-76,144,48,96,5424,56,543,1.2314,0.0203,1.8622,3.0937,-1.2078,0.028,7.25,4.75,,/mofs/15414.json,"hMOF (hypothetical, not synthesised)"
hMOF-60,256,64,192,6272,62,628,1.2327,0.0066,1.7989,3.0316,-1.2318,0.0134,8.75,7.75,CCCc1c([C][O])ccc(c1CCC)C(=O)[O-].[O].CCCc1c(ccc(c1CCC)C(=O)[O-])C(=O)[O-].CCCc1cc(ccc1C(=O)[O-])C(=O)[O-].[Zn][O]([Zn])([Zn])[Zn] MOFid-v1.pcu.cat0,/mofs/15396.json,"hMOF (hypothetical, not synthesised)"
hMOF-114,256,64,192,5952,64,596,1.2412,0.0113,1.8148,3.056,-1.2591,0.0131,7.75,6.75,CCCOc1cc(C(=O)[O-])c(c(c1C(=O)[O-])OCCC)[O].[CH2]CC.[O-]C(=O)c1ccc(cc1)C(=O)[O-].[O-]C(=O)c1ccc(cc1OCCC)C(=O)[O-].[Zn][O]([Zn])([Zn])[Zn] MOFid-v1.pcu.cat0,/mofs/15452.json,"hMOF (hypothetical, not synthesised)"
hMOF-89,432,108,324,6264,39,627,1.242,0.0153,2.1464,3.3884,-1.2441,0.0179,3.25,2.75,,/mofs/15428.json,"hMOF (hypothetical, not synthesised)"
hMOF-140,384,96,288,6048,40,605,1.2451,0.0184,2.1126,3.3577,-1.2868,0.0184,4.25,3.25,ClOC(=O)C1=CC=C([C]=C1)C1=CC=C(C=[C]1)C(=O)[O-].[O-]C(=O)C1=C(Cl)[C]=C(C(=C1)Cl)C(=O)[O-].[O-]C(=O)C1=CC(=C([C]=C1Cl)C(=O)[O-])Cl.[O-]C(=O)c1ccc(cc1)C(=O)[O-].[Zn][O]([Zn])([Zn])[Zn] MOFid-v1.pcu.cat2,/mofs/15480.json,"hMOF (hypothetical, not synthesised)"
hMOF-84,327,108,219,6264,39,627,1.2462,0.0151,2.1015,3.3478,-1.2162,0.0245,3.25,2.75,,/mofs/15421.json,"hMOF (hypothetical, not synthesised)"
hMOF-77,128,64,64,5952,60,596,1.2497,0.0171,1.864,3.1137,-1.3626,0.0256,7.75,6.25,,/mofs/15415.json,"hMOF (hypothetical, not synthesised)"
hMOF-45,256,64,192,3776,58,378,1.2508,0.0123,1.7644,3.0152,-1.4455,0.0231,10.75,9.75,[O-]C(=O)c1ccc(c(c1)C)C(=O)[O-].[O-]C(=O)c1ccc(cc1)C(=O)[O-].[Zn][O]([Zn])([Zn])[Zn] MOFid-v1.pcu.cat0,/mofs/15383.json,"hMOF (hypothetical, not synthesised)"
hMOF-24,432,108,324,5724,35,573,1.2516,0.0131,2.1209,3.3725,-1.2438,0.009,3.25,2.75,[O-]C(=O)C1=C(Cl)C(=C([C]=C1)C(=O)[O-])Cl.[O-]C(=O)c1cc(Cl)c(c(c1)Cl)C(=O)[O-].ClOC(=O)c1c(Cl)cc(c(c1Cl)Cl)C(=O)[O-].[O-]C(=O)C1=C[C]=C(C(=C1Cl)Cl)C(=O)[O-].[O-]C(=O)c1cc(Cl)c(c(c1)Cl)C(=O)[O-].ClOC(=O)c1c(Cl)cc(c(c1Cl)Cl)C(=O)[O-].[Zn][O]([Zn])([Zn])[Zn] MOFid-v1.UNKNOWN.cat0,/mofs/15362.json,"hMOF (hypothetical, not synthesised)"
hMOF-53,256,64,192,5696,60,570,1.2536,0.0156,1.842,3.0956,-1.2822,0.0203,9.25,8.25,CCc1c(ccc(c1CC)C(=O)[O-])C(=O)[O-].[Zn][O]([Zn])([Zn])[Zn] MOFid-v1.pcu.cat0,/mofs/15391.json,"hMOF (hypothetical, not synthesised)"
hMOF-47,256,64,192,3968,58,397,1.2611,0.0177,1.7756,3.0367,-1.3968,0.017,10.75,9.25,[O-]C(=O)c1cc(C)c(c(c1)C)C(=O)[O-].[O-]C(=O)c1ccc(c(c1)C)C(=O)[O-].[O-]C(=O)c1ccc(cc1)C(=O)[O-].[Zn][O]([Zn])([Zn])[Zn] MOFid-v1.pcu.cat0,/mofs/15385.json,"hMOF (hypothetical, not synthesised)"
hMOF-50,256,64,192,4928,58,493,1.2653,0.0132,1.8298,3.0951,-1.2217,0.0159,10.25,9.25,[O-]C(=O)c1cc(C)c(c(c1C)C)C(=O)[O-].[O-]C(=O)c1cc(C)c(cc1C)C(=O)[O-].[Zn][O]([Zn])([Zn])[Zn] MOFid-v1.pcu.cat0,/mofs/15388.json,"hMOF (hypothetical, not synthesised)"
hMOF-107,256,64,192,6080,62,608,1.2688,0.0144,1.7998,3.0686,-1.2586,0.0137,8.25,6.25,CCOc1c(cc(c(c1OCC)C(=O)[O-])OCC)C(=O)[O-].C[C]Oc1cc(C(=O)[O-])c(c(c1[C][O])OCC)OCC.O.[O-]C(=O)c1ccc(cc1)C(=O)[O-].[Zn][O]([Zn])([Zn])[Zn] MOFid-v1.pcu.cat0,/mofs/15447.json,"hMOF (hypothetical, not synthesised)"
hMOF-54,256,64,192,5696,60,570,1.2703,0.0107,1.8176,3.0879,-1.334,0.0211,9.25,7.25,CCc1c(ccc(c1CC)C(=O)[O-])C(=O)[O-].CCc1cc(ccc1C(=O)[O-])C(=O)[O-].[O][C]c1cc(CC)c(c(c1CC)CC)C(=O)[O-].[O].[Zn][O]([Zn])([Zn])[Zn] MOFid-v1.pcu.cat0,/mofs/15392.json,"hMOF (hypothetical, not synthesised)"
hMOF-74,128,64,64,6592,60,660,1.2774,0.0116,1.8938,3.1712,-1.3333,0.0178,6.75,4.75,,/mofs/15413.json,"hMOF (hypothetical, not synthesised)"
hMOF-73,192,64,128,5312,62,532,1.2792,0.0212,1.8153,3.0945,-1.4444,0.0138,8.25,7.25,,/mofs/15410.json,"hMOF (hypothetical, not synthesised)"
hMOF-30,432,108,324,5724,35,573,1.2834,0.0091,2.0983,3.3816,-1.3433,0.0149,3.25,2.25,* MOFid-v1.NA.NA,/mofs/15368.json,"hMOF (hypothetical, not synthesised)"
hMOF-51,256,64,192,4352,58,436,1.2847,0.0184,1.8018,3.0865,-1.3511,0.0143,10.25,9.25,[O-]C(=O)c1ccc(c(c1)C)C(=O)[O-].[O-]C(=O)c1ccc(c(c1C)C)C(=O)[O-].[Zn][O]([Zn])([Zn])[Zn] MOFid-v1.pcu.cat0,/mofs/15389.json,"hMOF (hypothetical, not synthesised)"
hMOF-49,256,64,192,4352,58,436,1.2913,0.0303,1.8012,3.0925,-1.3546,0.0348,10.25,9.25,[O-]C(=O)c1cc(C)c(c(c1)C)C(=O)[O-].[O-]C(=O)c1ccc(c(c1)C)C(=O)[O-].[O-]C(=O)c1ccc(c(c1C)C)C(=O)[O-].[Zn][O]([Zn])([Zn])[Zn] MOFid-v1.pcu.cat0,/mofs/15387.json,"hMOF (hypothetical, not synthesised)"
hMOF-109,192,48,144,5568,54,557,1.2987,0.0103,1.8641,3.1628,-1.0403,0.0058,6.75,4.75,CCOc1c(OCC)c(C(=O)[O-])c(c(c1C(=O)[O-])OCC)OCC.CCOc1c(cc(c(c1OCC)C(=O)[O-])OCC)C(=O)[O-].C[C]Oc1c([C][O])ccc(c1OCC)C(=O)[O-].O.[Zn][O]([Zn])([Zn])[Zn] MOFid-v1.pcu.cat0,/mofs/15446.json,"hMOF (hypothetical, not synthesised)"
hMOF-99,97,96,1,5760,42,576,1.2991,0.0134,2.1501,3.4492,-1.5107,0.0176,4.25,3.25,,/mofs/15435.json,"hMOF (hypothetical, not synthesised)"
hMOF-108,256,64,192,6080,62,608,1.3068,0.0117,1.8496,3.1564,-1.1287,0.0209,7.25,6.25,CCOc1c(cc(c(c1OCC)C(=O)[O-])OCC)C(=O)[O-].CCOc1c(ccc(c1OCC)C(=O)[O-])C(=O)[O-].CCOc1cc(ccc1C(=O)[O-])C(=O)[O-].[Zn][O]([Zn])([Zn])[Zn] MOFid-v1.pcu.cat0,/mofs/15445.json,"hMOF (hypothetical, not synthesised)"
hMOF-105,256,64,192,5440,60,544,1.3237,0.0208,1.8361,3.1598,-1.2603,0.0229,8.75,7.75,COc1cc(C(=O)[O-])c(c(c1C(=O)[O-])OC)OC.COc1cc(C(=O)[O-])c(cc1C(=O)[O-])OC.[Zn][O]([Zn])([Zn])[Zn] MOFid-v1.pcu.cat0,/mofs/15444.json,"hMOF (hypothetical, not synthesised)"
hMOF-63,144,48,96,6432,54,644,1.3394,0.0184,1.8793,3.2186,-1.1479,0.0191,6.75,5.25,CCCc1c(CCC)c(C(=O)[O-])c(c(c1C(=O)[O-])CCC)CCC.CCCc1c([C][O])cc(c(c1CCC)C(=O)[O-])CCC.[O].CCCc1cc(cc(c1C(=O)[O-])CCC)C(=O)[O-].[Zn][O]([Zn])([Zn])[Zn] MOFid-v1.pcu.cat0,/mofs/15402.json,"hMOF (hypothetical, not synthesised)"
hMOF-100,256,64,192,4416,60,442,1.3729,0.0113,1.7896,3.1625,-1.298,0.015,9.25,8.25,COc1cc(cc(c1C(=O)[O-])OC)C(=O)[O-].COc1cc(ccc1C(=O)[O-])C(=O)[O-].[Zn][O]([Zn])([Zn])[Zn] MOFid-v1.pcu.cat0,/mofs/15438.json,"hMOF (hypothetical, not synthesised)"
hMOF-104,256,64,192,4416,60,442,1.4096,0.0094,1.7678,3.1774,-1.4427,0.0098,9.75,8.25,COc1c(ccc(c1OC)C(=O)[O-])C(=O)[O-].COc1cc(ccc1C(=O)[O-])C(=O)[O-].[Zn][O]([Zn])([Zn])[Zn] MOFid-v1.pcu.cat0,/mofs/15442.json,"hMOF (hypothetical, not synthesised)"
